obs,AEME,CG9,CV9
2017-05-05,49.73,193.417,221.53
2017-05-08,50.32,193.41,221.249
2017-05-09,50.8005,194.551,222.041
2017-05-10,51.1149,194.611,222.823
2017-05-11,51.3894,193.976,221.753
2017-05-12,51.243,194.809,222.346
2017-05-15,51.398,194.5,223.322
2017-05-16,51.1636,194.862,223.145
2017-05-17,50.5438,192.788,220.396
2017-05-18,49.6267,192.048,219.119
2017-05-19,49.7086,193.037,220.484
2017-05-22,49.8576,193.123,220.141
2017-05-23,50.081,193.211,221.017
2017-05-24,50.393,193.493,221.138
2017-05-25,50.612,193.723,220.622
2017-05-26,50.911,193.678,219.732
2017-05-29,50.851,193.586,219.846
2017-05-30,50.605,193.504,219.154
2017-05-31,49.961,193.85,218.383
2017-06-01,50.346,194.885,219.198
2017-06-02,50.469,195.867,219.12
2017-06-05,50.542,195.583,219.036
2017-06-06,50.443,194.064,217.917
2017-06-07,50.376,193.67,218.044
2017-06-08,50.93,193.021,218.899
2017-06-09,51.149,193.706,219.722
2017-06-12,50.45,191.549,218.115
2017-06-13,50.595,192.844,218.856
2017-06-14,50.605,192.796,217.486
2017-06-15,50.34,192.097,216.918
2017-06-16,50.135,193.717,217.915
2017-06-19,50.911,195.414,219.83
2017-06-20,50.705,194.406,217.796
2017-06-21,50.67,194.06,217.319
2017-06-22,50.925,193.888,217.54
2017-06-23,50.875,193.529,216.906
2017-06-26,51.215,194.232,217.833
2017-06-27,50.64,192.315,216.758
2017-06-28,50.221,191.772,217.179
2017-06-29,49.527,188.203,215.45
2017-06-30,49.883,188.008,213.996
2017-07-03,50.242,189.203,217.339
2017-07-04,50.095,188.508,216.819
2017-07-05,50.13,189.338,216.598
2017-07-06,49.535,187.436,215.884
2017-07-07,49.507,187.402,215.606
2017-07-10,50.018,188.151,216.314
2017-07-11,50.055,186.74,215.156
2017-07-12,51.187,190.002,218.129
2017-07-13,51.567,190.475,218.901
2017-07-14,51.856,191.187,218.82
2017-07-17,51.6408,191.179,218.703
2017-07-18,51.327,189.089,216.108
2017-07-19,52.015,190.685,217.628
2017-07-20,51.443,190.106,216.723
2017-07-21,51.265,188.191,214.43
2017-07-24,51.46,187.388,214.274
2017-07-25,51.49,187.633,215.906
2017-07-26,51.585,188.786,216.733
2017-07-27,51.86,188.769,216.204
2017-07-28,50.931,186.466,214.51
2017-07-31,50.913,185.912,214.645
2017-08-01,51.125,187.027,216.056
2017-08-02,50.79,185.987,215.46
2017-08-03,50.547,186.36,215.638
2017-08-04,51.285,188.314,217.602
2017-08-07,51.471,187.956,217.42
2017-08-08,52.1,188.025,218.178
2017-08-09,51.24,186.944,216.22
2017-08-10,50.522,185.335,214.251
2017-08-11,50,183.892,211.51
2017-08-14,50.814,185.689,213.898
2017-08-15,50.835,185.994,213.958
2017-08-16,51.416,187.29,215.305
2017-08-17,51.155,186.681,213.622
2017-08-18,51.23,184.989,212.535
2017-08-21,51.057,184.407,211.474
2017-08-22,51.78,186.233,212.867
2017-08-23,51.715,185.223,211.986
2017-08-24,51.865,185.574,212.377
2017-08-25,51.877,185.272,212.245
2017-08-28,51.47,184.347,211.312
2017-08-29,50.915,182.605,208.982
2017-08-30,51.527,183.943,210.323
2017-08-31,51.816,185.488,211.731
2017-09-01,52.211,186.757,212.85
2017-09-04,51.668,185.847,211.667
2017-09-05,51.558,185.828,211.102
2017-09-06,51.481,185.964,211.261
2017-09-07,51.563,186.819,211.507
2017-09-08,51.265,187.201,211.648
2017-09-11,52.137,188.856,214.193
2017-09-12,52.284,189.408,215.82
2017-09-13,52.222,189.337,215.857
2017-09-14,52.424,189.406,216.201
2017-09-15,52.234,189.009,215.332
2017-09-18,52.677,189.601,216.114
2017-09-19,52.464,189.272,216.635
2017-09-20,52.484,189.08,216.727
2017-09-21,52.602,189.088,217.883
2017-09-22,52.138,189.201,218.114
2017-09-25,51.835,189.73,218.421
2017-09-26,52.013,189.835,218.617
2017-09-27,51.742,190.218,219.887
2017-09-28,51.564,190.745,220.042
2017-09-29,52.069,191.531,221.151
2017-10-02,52.548,192.897,221.864
2017-10-03,53.122,193.183,222.175
2017-10-04,53.211,193.762,221.155
2017-10-05,53.822,193.596,222.252
2017-10-06,53.445,192.614,221.581
2017-10-09,53.285,193.105,221.859
2017-10-10,53.596,193.401,221.446
2017-10-11,53.595,193.447,221.413
2017-10-12,53.827,193.809,221.226
2017-10-13,54.161,194.496,221.696
2017-10-16,54.398,194.439,221.764
2017-10-17,54.258,193.933,221.348
2017-10-18,54.323,194.416,222.068
2017-10-19,53.466,192.948,221.197
2017-10-20,54.029,193.049,222.232
2017-10-23,53.827,193.593,222.298
2017-10-24,53.85,192.587,221.907
2017-10-25,53.217,191.893,220.076
2017-10-26,53.877,194.327,221.946
2017-10-27,54.59,195.919,222.686
2017-10-30,54.302,195.751,223.376
2017-10-31,54.568,196.518,223.974
2017-11-01,55.129,196.87,225.238
2017-11-02,54.791,195.704,224.742
2017-11-03,54.948,196.867,224.513
2017-11-06,55.336,197.13,224.939
2017-11-07,55.317,195.726,224.302
2017-11-08,55.427,195.769,224.212
2017-11-09,54.867,193.247,222.38
2017-11-10,54.579,192.53,221.553
2017-11-13,54.549,191.528,219.974
2017-11-14,53.772,190.63,218.238
2017-11-15,53.337,189.55,217.322
2017-11-16,54.343,191.595,218.237
2017-11-17,54.706,191.055,217.573
2017-11-20,55.03,192.932,218.393
2017-11-21,56.072,193.926,219.137
2017-11-22,55.634,192.898,219.1
2017-11-23,55.373,193.044,219.047
2017-11-24,55.046,192.559,219.031
2017-11-27,54.349,191.776,217.876
2017-11-28,54.828,192.826,219.32
2017-11-29,54.191,192.212,220.962
2017-11-30,53.51,191.632,220.086
2017-12-01,52.832,190.284,218.551
2017-12-04,53.514,191.91,220.662
2017-12-05,53.741,191.994,219.832
2017-12-06,52.721,192.489,219.171
2017-12-07,52.986,192.21,219.592
2017-12-08,53.56,193.122,221.706
2017-12-11,53.899,192.878,221.856
2017-12-12,53.522,194.223,223.406
2017-12-13,54.172,193.925,222.644
2017-12-14,54.148,192.981,221.626
2017-12-15,54.05,192.714,221.203
2017-12-18,54.61,195.037,223.595
2017-12-19,54.251,194.328,222.502
2017-12-20,54.131,192.842,221.109
2017-12-21,54.449,193.921,222.615
2017-12-22,54.722,193.92,222.112
2017-12-25,54.7633333333333,194.004666666667,222.070666666667
2017-12-26,54.8046666666667,194.089333333333,222.029333333333
2017-12-27,54.846,194.174,221.988
2017-12-28,54.894,193.607,221.555
2017-12-29,54.939,193.429,221.403
2018-01-01,55.196,193.023,221.3445
2018-01-02,55.453,192.617,221.286
2018-01-03,56.169,193.793,222.02
2018-01-04,56.382,195.171,224.45
2018-01-05,56.952,197.238,226.209
2018-01-08,57.233,197.639,226.998
2018-01-09,57.354,198.401,228.101
2018-01-10,56.745,196.953,228.244
2018-01-11,56.526,195.894,227.972
2018-01-12,56.873,195.944,229.216
2018-01-15,56.129,195.629,228.876
2018-01-16,56.769,195.718,229.254
2018-01-17,56.903,195.813,228.662
2018-01-18,57.069,196.182,229.148
2018-01-19,57.438,197.856,229.629
2018-01-22,57.666,197.901,231.079
2018-01-23,57.974,198.568,231.001
2018-01-24,57.59,197.053,230.375
2018-01-25,57.761,195.388,229.756
2018-01-26,58.401,196.702,230.457
2018-01-29,58.172,196.080666666667,230.141
2018-01-30,56.928,195.459333333333,227.414
2018-01-31,57.216,194.838,226.674
2018-02-01,56.632,193.88,225.543
2018-02-02,55.551,190.82,222.835
2018-02-05,55.228,187.78,219.508
2018-02-06,54.133,183.6,213.642
2018-02-07,54.958,187.38,217.726
2018-02-08,53.159,183.68,215.045
2018-02-09,52.541,181.56,211.454
2018-02-12,53.461,183.28,213.841
2018-02-13,53.655,182.38,212.567
2018-02-14,54.314,184.32,214.632
2018-02-15,55.301,185.86,215.458
2018-02-16,56.043,187.96,217.733
2018-02-19,55.619,185.76,216.911
2018-02-20,55.445,187.74,217.804
2018-02-21,56.272,188.16,218.062
2018-02-22,55.94,187.94,217.904
2018-02-23,56.317,188.24,218.478
2018-02-26,56.694,189.32,219.469
2018-02-27,56.166,188.78,219.356
2018-02-28,55.57,187.4,217.882
2018-03-01,55.677,184.68,215.585
2018-03-02,54.034,181.14,210.672
2018-03-05,54.621,183.42,212.307
2018-03-06,54.82,183.8,212.671
2018-03-07,54.73,184.46,213.163
2018-03-08,55.294,187.02,214.764
2018-03-09,56.258,188.12,215.271
2018-03-12,56.593,188.56,215.878
2018-03-13,56.04,186.66,213.833
2018-03-14,55.91,186.76,213.14
2018-03-15,56.15,187.76,214.371
2018-03-16,56.14,187.48,215.794
2018-03-19,55.177,185.78,213.104
2018-03-20,56.268,186.78,214.206
2018-03-21,56.253,186.48,213.968
2018-03-22,54.909,184.02,210.358
2018-03-23,53.841,182.28,208.597
2018-03-26,53.789,180.76,207.587
2018-03-27,54.594,182.98,209.979
2018-03-28,53.528,184.06,210.924
2018-03-29,54.565,184.98,211.93
2018-03-30,54.5123333333333,184.546666666667,211.673
2018-04-02,54.4596666666667,184.113333333333,211.416
2018-04-03,54.407,183.68,211.159
2018-04-04,53.86,182.58,210.63
2018-04-05,55.205,187.12,215.659
2018-04-06,54.102,186.66,215.09
2018-04-09,54.049,186.88,215.392
2018-04-10,54.299,188.38,217.249
2018-04-11,54.248,187.14,216.353
2018-04-12,54.587,188.16,217.987
2018-04-13,54.111,188.26,218.473
2018-04-16,53.64,187.6,217.694
2018-04-17,54.072,189.24,219.379
2018-04-18,54.376,189.48,220.309
2018-04-19,54.374,188.98,221.091
2018-04-20,53.943,188.82,221.375
2018-04-23,54.17,189.18,222.526
2018-04-24,54.04,189.06,222.563
2018-04-25,53.191,188.14,220.93
2018-04-26,54.059,190.04,222.653
2018-04-27,54.597,190.98,223.052
2018-04-30,54.926,191.36,223.705
2018-05-01,54.784,191.95,224.1895
2018-05-02,54.642,192.54,224.674
2018-05-03,53.626,191.56,222.933
2018-05-04,54.45,193.08,224.067
2018-05-07,54.501,194.72,225.495
2018-05-08,54.646,195.3,224.916
2018-05-09,54.845,196.08,227.049
2018-05-10,56.082,196.34,227.309
2018-05-11,55.66,196.18,227.918
2018-05-14,55.845,196.32,227.738
2018-05-15,55.048,196.4,228.177
2018-05-16,55.953,197.76,227.735
2018-05-17,55.483,198.94,229.094
2018-05-18,54.884,198.8,228.389
2018-05-21,55.1,199.94,229.049
2018-05-22,55.433,200.05,230.189
2018-05-23,55.184,198.18,226.845
2018-05-24,54.888,197.94,224.566
2018-05-25,55.723,199,223.486
2018-05-28,55.798,198.58,222.657
2018-05-29,55.326,196.72,219.63
2018-05-30,54.665,196.82,220.212
2018-05-31,54.676,195.8,218.826
2018-06-01,55.346,197.7,221.057
2018-06-04,55.982,198.12,221.559
2018-06-05,55.781,198.4,220.182
2018-06-06,55.827,198.08,220.33
2018-06-07,55.306,197.3,220.889
2018-06-08,54.988,197.28,219.712
2018-06-11,55.03,198.58,221.507
2018-06-12,55.009,198.64,221.299
2018-06-13,55.1,199.38,220.68
2018-06-14,55.272,201.7,224.165
2018-06-15,54.231,200.45,220.504
2018-06-18,53.766,198.52,219.154
2018-06-19,53.341,196.52,218.118
2018-06-20,53.73,197.2,218.818
2018-06-21,52.965,195.88,216.217
2018-06-22,53.207,197.52,219.931
2018-06-25,51.884,193.1,214.784
2018-06-26,52.095,193.22,215.287
2018-06-27,51.941,194.82,216.646
2018-06-28,51.624,192.88,215.788
2018-06-29,52.416,194.78,217.204
2018-07-02,51.824,193.24,215.148
2018-07-03,52.143,194.76,216.836
2018-07-04,51.834,194.3,217.618
2018-07-05,51.576,195.24,219.33
2018-07-06,52.068,195.42,219.189
2018-07-09,52.714,196.54,220.571
2018-07-10,52.647,198.02,220.911
2018-07-11,52.03,195.88,217.388
2018-07-12,52.828,197.76,218.769
2018-07-13,53.008,198.12,218.933
2018-07-16,52.472,198.26,217.2
2018-07-17,52.902,198.98,217.777
2018-07-18,52.991,200.5,218.662
2018-07-19,52.597,199.94,218.288
2018-07-20,52.99,199.86,217.708
2018-07-23,52.593,198.78,218.039
2018-07-24,53.522,200.1,220.777
2018-07-25,53.863,199.84,219.632
2018-07-26,54.003,201.45,221.283
2018-07-27,54.224,201.55,222.699
2018-07-30,53.708,200.55,222.766
2018-07-31,53.751,200.6,224.205
2018-08-01,53.71,200.35,222.045
2018-08-02,53.018,199.24,219.676
2018-08-03,53.702,200.4,221.355
2018-08-06,53.541,200.25,220.552
2018-08-07,54.054,200.65,222.553
2018-08-08,53.724,200.25,222.195
2018-08-09,53.974,201.05,222.252
2018-08-10,53.475,199.24,219.514
2018-08-13,52.682,199.24,218.252
2018-08-14,52.9,199.64,217.777
2018-08-15,51.615,196.58,214.391
2018-08-16,52.068,198,215.78
2018-08-17,51.507,197.92,215.326
2018-08-20,52.061,199.38,216.354
2018-08-21,52.416,199.58,217.068
2018-08-22,52.399,199.32,217.25
2018-08-23,52.049,199.32,216.433
2018-08-24,52.454,199.5,216.551
2018-08-27,53.201,200.95,217.584
2018-08-28,52.767,201,216.83
2018-08-29,52.996,201.65,217.365
2018-08-30,52.077,201.4,216.326
2018-08-31,52.113,199.96,214.277
2018-09-03,52.109,199.96,214.686
2018-09-04,51.634,198,213.611
2018-09-05,50.572,194.98,212.053
2018-09-06,50.514,194.12,210.947
2018-09-07,50.828,194.76,210.628
2018-09-10,50.175,195.44,211.67
2018-09-11,49.87,195.4,211.427
2018-09-12,50.328,196.12,212.437
2018-09-13,50.523,195.82,212.563
2018-09-14,51.027,196.58,213.318
2018-09-17,50.346,196.22,214.175
2018-09-18,50.715,196.2,214.769
2018-09-19,51.354,196.5,215.906
2018-09-20,51.356,197.68,217.594
2018-09-21,51.865,198.7,218.847
2018-09-24,51.179,197.42,217.876
2018-09-25,51.341,198.04,219.401
2018-09-26,51.801,198.54,219.907
2018-09-27,52.258,199.24,221.047
2018-09-28,52.189,198.12,218.767
2018-10-01,52.376,199.02,218.673
2018-10-02,51.833,197.68,217.751
2018-10-03,51.97,198.9,219.125
2018-10-04,50.387,195.08,218.283
2018-10-05,49.92,193.46,216.415
2018-10-08,49.964,191.14,214.288
2018-10-09,50.084,191.42,215.273
2018-10-10,48.885,186.44,214.257
2018-10-11,47.924,183.12,209.474
2018-10-12,49.058,183.3,208.173
2018-10-15,48.734,183.2,209.216
2018-10-16,49.501,186.7,211.184
2018-10-17,49.352,185.7,210.863
2018-10-18,48.416,184.48,209.797
2018-10-19,48.835,184.34,210.064
2018-10-22,49.265,183.88,208.872
2018-10-23,48.194,180.86,205.9
2018-10-24,48.135,180.76,204.956
2018-10-25,48.513,181.9,205.678
2018-10-26,47.73,180.74,203.826
2018-10-29,47.465,181.82,206.297
2018-10-30,47.627,181.8,206.261
2018-10-31,48.648,185.22,209.712
2018-11-01,49.78,186.18,210.246
2018-11-02,50.234,186.84,210.163
2018-11-05,50.341,185.94,211.014
2018-11-06,50.197,185.6,210.081
2018-11-07,50.715,187.44,212.52
2018-11-08,50.4,187.46,213.185
2018-11-09,49.468,187.02,212.088
2018-11-12,49.107,185.26,210.271
2018-11-13,49.923,187.02,211.425
2018-11-14,49.563,185.98,210.051
2018-11-15,50.424,184.42,207.651
2018-11-16,50.088,184.24,207.165
2018-11-19,49.763,182.34,206.346
2018-11-20,49.008,180.26,204.086
2018-11-21,49.943,182.36,206.402
2018-11-22,49.345,181.22,204.78
2018-11-23,49.545,182.62,204.735
2018-11-26,50.008,184.14,208.002
2018-11-27,50.307,183.74,207.471
2018-11-28,50.72,183.8,207.395
2018-11-29,51.023,184.56,207.427
2018-11-30,50.856,184.16,207.099
2018-12-03,51.872,186.48,208.822
2018-12-04,51.78,185.48,207.01
2018-12-05,51.074,182.94,204.71
2018-12-06,49.34,177.78,197.674
2018-12-07,49.844,178.68,199.146
2018-12-10,48.454,176.04,195.149
2018-12-11,49.391,178.62,198.018
2018-12-12,50.264,181.42,201.412
2018-12-13,50.221,181.08,201.562
2018-12-14,50.025,179.64,200.429
2018-12-17,49.555,177.34,198.374
2018-12-18,49.19,176.22,196.351
2018-12-19,49.268,176.38,197.521
2018-12-20,48.578,173.72,194.701
2018-12-21,48.693,173.76,194.857
2018-12-24,48.693,173.76,194.857
2018-12-25,48.5796666666667,172.646666666667,193.450666666667
2018-12-26,48.4663333333333,171.533333333333,192.044333333333
2018-12-27,48.353,170.42,190.638
2018-12-28,48.92,173.28,194.15
2018-12-31,49.369,174.98,195.744
2019-01-01,49.268,174.49,195.272
2019-01-02,49.167,174,194.8
2019-01-03,48.224,171.88,193.992
2019-01-04,49.617,176.5,199.594
2019-01-07,49.392,176.06,198.935
2019-01-08,49.489,178.04,200.074
2019-01-09,50.385,179.3,200.604
2019-01-10,50.64,179.76,201.839
2019-01-11,50.729,180.02,201.896
2019-01-14,50.358,178.52,201.343
2019-01-15,51.071,179.64,201.799
2019-01-16,51.619,179.82,203.227
2019-01-17,51.628,180.44,202.958
2019-01-18,52.382,183.42,206.915
2019-01-21,52.077,183.38,206.253
2019-01-22,51.678,182.92,204.984
2019-01-23,51.608,182.8,204.713
2019-01-24,52.415,183.36,205.144
2019-01-25,52.889,183.92,206.865
2019-01-28,52.085,182.5,204.712
2019-01-29,52.333,183.78,206.297
2019-01-30,52.618,184.74,207.216
2019-01-31,53.66,185.26,207.308
2019-02-01,53.345,185.8,207.573
2019-02-04,53.737,186.22,207.364
2019-02-05,54.327,189.32,210.077
2019-02-06,54.147,189.14,210.546
2019-02-07,53.093,186.68,207.188
2019-02-08,52.878,185.96,205.904
2019-02-11,53.388,187.66,207.45
2019-02-12,53.576,188.44,208.423
2019-02-13,53.32,189.54,209.538
2019-02-14,53.038,189.84,208.266
2019-02-15,53.395,192.1,211.699
2019-02-18,53.344,192.7,211.931
2019-02-19,53.308,192.26,211.772
2019-02-20,53.917,193.42,213.198
2019-02-21,53.506,193.66,212.027
2019-02-22,54.361,194.12,212.558
2019-02-25,55.154,194.5,213.026
2019-02-26,54.741,195.18,214.089
2019-02-27,54.227,193.44,214.441
2019-02-28,53.629,193.76,214.552
2019-03-01,53.62,194.9,214.738
2019-03-04,53.778,195.66,215.33
2019-03-05,54.545,196.34,215.775
2019-03-06,54.36,195.68,215.826
2019-03-07,53.906,195.6,214.691
2019-03-08,53.082,194.32,212.384
2019-03-11,54.119,195.4,214.147
2019-03-12,54.26,195.16,213.861
2019-03-13,54.09,196.28,215.313
2019-03-14,53.827,197.78,217.113
2019-03-15,54.566,199.44,218.85
2019-03-18,54.915,199.32,219.93
2019-03-19,55.214,200.65,221.234
2019-03-20,54.558,199.44,218.473
2019-03-21,54.777,199.82,217.645
2019-03-22,54.133,197.52,215.16
2019-03-25,53.991,196.92,214.006
2019-03-26,54.176,199.04,214.934
2019-03-27,53.907,198.7,215.751
2019-03-28,54.07,199.22,214.492
2019-03-29,54.976,200.6,215.924
2019-04-01,55.694,202.1,219.027
2019-04-02,55.697,202.75,220.139
2019-04-03,56.229,204.25,222.455
2019-04-04,56.216,203.8,222.604
2019-04-05,56.705,204.55,222.561
2019-04-08,56.433,203.95,222.132
2019-04-09,56.4,202.6,221.044
2019-04-10,56.727,203.35,221.704
2019-04-11,56.131,203.65,222.141
2019-04-12,56.335,203.3,223.107
2019-04-15,55.945,203.7,223.598
2019-04-16,56.398,204.5,224.25
2019-04-17,56.467,204.3,224.709
2019-04-18,56.767,205.45,224.777
2019-04-19,56.7433333333333,205.733333333333,224.848333333333
2019-04-22,56.7196666666667,206.016666666667,224.919666666667
2019-04-23,56.696,206.3,224.991
2019-04-24,56.225,207.5,223.201
2019-04-25,56.142,207.3,222.731
2019-04-26,56.434,207.8,223.056
2019-04-29,56.465,208.1,223.407
2019-04-30,56.013,208.6,223.454
2019-05-01,55.9645,207.95,222.9775
2019-05-02,55.916,207.3,222.501
2019-05-03,56.692,208.3,223.342
2019-05-06,55.335,206.25,220.32
2019-05-07,54.611,204.2,217.465
2019-05-08,54.566,205.35,217.27
2019-05-09,52.681,202.3,213.912
2019-05-10,52.906,202.95,214.219
2019-05-13,51.894,200.65,211.818
2019-05-14,52.795,202.95,213.875
2019-05-15,52.849,204.2,214.807
2019-05-16,53.145,207.1,217.281
2019-05-17,52.125,206.55,216.546
2019-05-20,51.645,204.15,214.704
2019-05-21,52.04,205.55,215.827
2019-05-22,52.114,206.4,214.572
2019-05-23,51.456,203.8,210.801
2019-05-24,51.179,205.25,212.58
2019-05-27,51.4,205.4,213.224
2019-05-28,51.494,204.7,212.275
2019-05-29,51.623,201.8,209.922
2019-05-30,52.272,203.25,210.461
2019-05-31,52.365,201.6,208.526
2019-06-03,52.648,202.7,208.742
2019-06-04,52.377,202.75,211.401
2019-06-05,52.007,204.05,211.127
2019-06-06,51.856,204.3,211.003
2019-06-07,52.273,206.4,212.824
2019-06-10,53.01,206.9,213.949
2019-06-11,53.437,207.95,215.048
2019-06-12,52.943,208.25,213.549
2019-06-13,52.979,208.6,213.828
2019-06-14,52.973,208,212.906
2019-06-17,52.894,208.05,212.327
2019-06-18,54.213,211.55,215.882
2019-06-19,54.217,211.2,216.377
2019-06-20,54.989,212.85,216.482
2019-06-21,54.786,211.9,215.978
2019-06-24,54.23,211.8,214.878
2019-06-25,54.008,211.6,214.619
2019-06-26,54.26,210.2,214.856
2019-06-27,54.507,209.75,215.143
2019-06-28,54.399,211.45,216.264
2019-07-01,55.516,213.2,218.113
2019-07-02,55.23,214.05,218.618
2019-07-03,55.215,216.15,220.245
2019-07-04,55.527,216,220.895
2019-07-05,55.236,214,219.977
2019-07-08,54.958,213.9,219.519
2019-07-09,54.785,213.05,218.299
2019-07-10,55.12,212.65,218.044
2019-07-11,54.982,212.15,217.787
2019-07-12,54.91,212,218.095
2019-07-15,55.214,212.7,218.277
2019-07-16,55.52,213.6,218.775
2019-07-17,55.182,213.6,217.046
2019-07-18,55.186,212.95,216.526
2019-07-19,55.499,213.5,216.689
2019-07-22,55.367,213.9,216.801
2019-07-23,55.634,215.6,219.458
2019-07-24,55.776,215.95,219.553
2019-07-25,55.391,214.65,218.175
2019-07-26,55.479,216.05,218.28
2019-07-29,55.177,216.1,218.508
2019-07-30,54.895,213.55,214.901
2019-07-31,54.824,214.05,214.763
2019-08-01,54.931,216,214.78
2019-08-02,52.726,210.7,208.907
2019-08-05,50.748,205.7,204.312
2019-08-06,50.815,205.2,202.977
2019-08-07,50.875,206.15,202.864
2019-08-08,51.91,210.15,206.391
2019-08-09,51.379,208.8,203.955
2019-08-12,50.876,208.5,202.823
2019-08-13,51.621,209.2,204.505
2019-08-14,50.727,206,201.055
2019-08-15,50.909,205.7,200.355
2019-08-16,51.628,208.3,203.047
2019-08-19,52.034,210.55,205.302
2019-08-20,52.097,209.55,203.467
2019-08-21,52.285,212.55,205.212
2019-08-22,51.765,211,205.262
2019-08-23,51.196,209.45,203.153
2019-08-26,51.176,209.65,203.853
2019-08-27,51.441,211.1,204.493
2019-08-28,51.467,210.6,204.392
2019-08-29,52.045,212.9,206.485
2019-08-30,52.7,214.7,207.709
2019-09-02,52.77,215.6,207.904
2019-09-03,52.601,215,207.441
2019-09-04,53.178,216.85,209.47
2019-09-05,53.788,217.75,212.091
2019-09-06,54.085,218.85,212.05
2019-09-09,54.194,216.85,213.365
2019-09-10,53.926,214.9,216.114
2019-09-11,54.732,217.1,217.467
2019-09-12,54.886,217.85,217.477
2019-09-13,55.09,217.05,219.817
2019-09-16,55.145,215.3,219.186
2019-09-17,54.561,216.2,217.717
2019-09-18,54.46,216.1,217.893
2019-09-19,54.658,217.35,219.494
2019-09-20,54.863,217.45,220.788
2019-09-23,54.635,216.4,218.647
2019-09-24,54.257,216.9,217.476
2019-09-25,54.192,215.15,216.803
2019-09-26,54.376,217.05,218.008
2019-09-27,54.508,217.75,218.989
2019-09-30,54.289,218,220.414
2019-10-01,53.834,215,217.795
2019-10-02,53.045,209.25,211.263
2019-10-03,53.371,209.9,210.809
2019-10-04,53.642,212.3,211.839
2019-10-07,53.57,213.75,213.322
2019-10-08,53.223,211.2,210.819
2019-10-09,53.487,212.45,211.731
2019-10-10,53.971,213.35,214.352
2019-10-11,54.876,216.35,220.435
2019-10-14,54.507,215.7,218.959
2019-10-15,54.801,217.25,221.932
2019-10-16,54.715,216.5,222.172
2019-10-17,54.824,216.25,222.156
2019-10-18,54.46,215.15,221.614
2019-10-21,54.556,215.8,224.063
2019-10-22,54.979,215.9,224.871
2019-10-23,54.918,215.45,225.633
2019-10-24,55.364,217.35,226.23
2019-10-25,55.557,217.7,226.374
2019-10-28,55.926,218.8,226.625
2019-10-29,55.622,218.7,225.887
2019-10-30,55.402,220.3,224.742
2019-10-31,55.017,219.55,223.082
2019-11-01,55.803,220.75,224.619
2019-11-04,56.609,222.4,227.642
2019-11-05,57.232,222.05,228.967
2019-11-06,57.273,222.85,229.168
2019-11-07,57.676,223.5,230.217
2019-11-08,57.3,223.35,229.008
2019-11-11,56.667,223.25,228.911
2019-11-12,56.702,223.95,230.247
2019-11-13,56.111,224.6,228.472
2019-11-14,56.034,224.05,227.25
2019-11-15,56.543,224.75,227.915
2019-11-18,56.368,225,227.595
2019-11-19,56.336,224.6,227.171
2019-11-20,56.337,223.85,226.131
2019-11-21,55.886,222.65,225.686
2019-11-22,56.215,223.6,227.113
2019-11-25,56.868,226,229.142
2019-11-26,56.452,226.9,228.212
2019-11-27,56.707,227.45,229.393
2019-11-28,56.651,227.2,228.857
2019-11-29,55.957,226.8,227.435
2019-12-02,55.416,222.7,223.995
2019-12-03,54.931,221.7,222.064
2019-12-04,55.611,224.05,224.745
2019-12-05,55.711,223.85,224.667
2019-12-06,56.299,226.6,227.404
2019-12-09,56.292,225.8,226.904
2019-12-10,56.138,225.1,226.772
2019-12-11,56.603,225.3,227.137
2019-12-12,57.471,225.7,229.041
2019-12-13,57.638,227.05,231.954
2019-12-16,58.28,230.2,234.942
2019-12-17,58.526,228.3,233.638
2019-12-18,58.933,228.45,234.05
2019-12-19,59.098,228.75,234.006
2019-12-20,59.495,231.35,234.9
2019-12-23,59.401,231.85,234.718
2019-12-24,59.451,232,234.874
2019-12-25,59.451,232,234.874
2019-12-26,59.6115,232.4,234.9395
2019-12-27,59.772,232.8,235.005
2019-12-30,59.247,230.25,233.133
2019-12-31,58.905,230.1,232.772
2020-01-01,59.484,231.15,234.3115
2020-01-02,60.063,232.2,235.851
2020-01-03,59.726,231.5,234.916
2020-01-06,59.165,230.5,233.768
2020-01-07,59.427,231.05,234.624
2020-01-08,59.588,231.5,235.094
2020-01-09,60.353,232.75,235.306
2020-01-10,60.601,232.35,234.591
2020-01-13,61.067,232.45,233.648
2020-01-14,60.965,233.65,233.338
2020-01-15,60.735,235.3,232.796
2020-01-16,60.931,235.45,233.352
2020-01-17,61.323,238.3,235.087
2020-01-20,61.302,237.9,234.786
2020-01-21,60.3,238.05,233.7
2020-01-22,60.642,238.35,233.287
2020-01-23,59.663,236.65,231.665
2020-01-24,60.123,239.2,233.382
2020-01-27,57.744,233.45,227.763
2020-01-28,58.32,235.4,230.319
2020-01-29,58.657,236.5,231.155
2020-01-30,57.234,234.3,228.379
2020-01-31,56.127,231.65,225.629
2020-02-03,56.979,232.9,225.078
2020-02-04,58.872,236.65,228.962
2020-02-05,59.2,239.7,231.809
2020-02-06,59.474,240.5,233.016
2020-02-07,58.758,239.95,232.519
2020-02-10,59.02,240.3,232.288
2020-02-11,59.916,242.2,234.392
2020-02-12,60.57,243,236.778
2020-02-13,60.401,242.95,236.691
2020-02-14,60.359,242.7,236.052
2020-02-17,60.782,243.05,237.146
2020-02-18,59.949,242.8,235.527
2020-02-19,60.618,245.35,237.074
2020-02-20,59.534,243.05,235.559
2020-02-21,59.267,242.15,233.771
2020-02-24,56.854,233.1,224.547
2020-02-25,56.826,229.35,220.311
2020-02-26,57.163,229.05,220.521
2020-02-27,55.213,221.4,213
2020-02-28,53.512,214.15,204.276
2020-03-02,53.886,215.25,203.839
2020-03-03,54.823,219.7,205.534
2020-03-04,55.087,222.4,208.72
2020-03-05,54.744,219.95,204.703
2020-03-06,52.295,212.05,197.098
2020-03-09,48.657,199.52,178.728
2020-03-10,49.765,197.02,176.928
2020-03-11,49.589,195.2,175.948
2020-03-12,43.839,175.6,152.398
2020-03-13,46.844,179.16,154.778
2020-03-16,43.434,172.24,145.096
2020-03-17,44.771,175.64,149.975
2020-03-18,42.36,168.48,142.411
2020-03-19,42.622,176.08,144.817
2020-03-20,44.013,178.68,148.182
2020-03-23,41.703,170.48,143.058
2020-03-24,44.83,182.6,157.57
2020-03-25,46.108,187.38,163.704
2020-03-26,46.768,192.26,166.359
2020-03-27,44.367,187.76,160.691
2020-03-30,44.955,190.98,161.691
2020-03-31,46.209,193.32,164.801
2020-04-01,44.59,188.3,159.439
2020-04-02,45.673,187.84,160.366
2020-04-03,45.467,188.3,158.002
2020-04-06,47.363,194.2,164.501
2020-04-07,48.233,196.84,168.912
2020-04-08,47.954,197.4,167.917
2020-04-09,48.376,199.56,171.478
2020-04-10,48.4906666666667,200.506666666667,170.96
2020-04-13,48.6053333333333,201.453333333333,170.442
2020-04-14,48.72,202.4,169.924
2020-04-15,47.58,198.18,162.84
2020-04-16,48.455,200.25,162.648
2020-04-17,48.923,204.35,167.502
2020-04-20,49.127,207.4,167.18
2020-04-21,47.321,201,161.416
2020-04-22,48.851,204.3,164.818
2020-04-23,49.285,204.7,166.889
2020-04-24,48.303,203.3,164.231
2020-04-27,49.287,206.5,168.836
2020-04-28,49.715,208.25,173.521
2020-04-29,50.554,209.6,178.726
2020-04-30,49.91,207,172.707
2020-05-01,48.95,204.25,169.258
2020-05-04,47.99,201.5,165.809
2020-05-05,49.247,205.1,169.858
2020-05-06,49.069,205.5,168.156
2020-05-07,49.372,207.9,170.106
2020-05-08,50.186,209.85,172.176
2020-05-11,50.087,209.8,169.876
2020-05-12,50.335,210.35,170.655
2020-05-13,49.85,207.55,166.151
2020-05-14,49.308,203.25,163.822
2020-05-15,49.077,204.05,163.592
2020-05-18,50.589,210.6,171.563
2020-05-19,50.661,209.95,170.005
2020-05-20,50.822,212.4,171.437
2020-05-21,50.034,210.9,169.091
2020-05-22,49.453,211.05,169.275
2020-05-25,50.151,215,172.068
2020-05-26,50.458,214.85,175.013
2020-05-27,50.001,213.2,178.043
2020-05-28,49.955,217.9,179.733
2020-05-29,49.354,215,175.044
2020-06-01,50.86,217.9,178.972
2020-06-02,51.962,218.3,182.782
2020-06-03,53.059,221.8,188.589
2020-06-04,52.07,221.35,187.544
2020-06-05,53.606,223.4,193.909
2020-06-08,53.222,221.9,195.214
2020-06-09,52.879,220.55,191.301
2020-06-10,53.131,221,189.638
2020-06-11,51.468,214.5,179.774
2020-06-12,52.06,214.5,180.59
2020-06-15,51.255,214.1,180.04
2020-06-16,52.356,219.65,185.246
2020-06-17,52.786,222.7,186.193
2020-06-18,52.948,220.95,184.098
2020-06-19,53.389,223.3,185.435
2020-06-22,53.189,221.55,184.296
2020-06-23,53.7,223.45,187.417
2020-06-24,52.915,217.8,180.961
2020-06-25,53.1,219.05,182.914
2020-06-26,52.851,219.4,184.214
2020-06-29,52.796,219.25,182.86
2020-06-30,52.817,219.45,182.351
2020-07-01,53.152,220.95,182.616
2020-07-02,54.593,224.35,187.061
2020-07-03,54.984,223.8,185.236
2020-07-06,56.471,226.1,188.38
2020-07-07,56.094,225.1,187.133
2020-07-08,56.394,224.4,184.548
2020-07-09,56.815,224.1,182.423
2020-07-10,56.549,225.45,184.387
2020-07-13,57.178,228.05,186.882
2020-07-14,55.762,224.8,185.966
2020-07-15,56.073,228.9,188.706
2020-07-16,55.124,227.4,188.365
2020-07-17,55.455,228.5,187.978
2020-07-20,56.049,230.85,188.613
2020-07-21,56.796,231.2,189.721
2020-07-22,55.88,229.7,187.356
2020-07-23,55.912,230.7,186.842
2020-07-24,54.976,225.75,184.316
2020-07-27,55.14,226,182.762
2020-07-28,55.422,226.95,183.752
2020-07-29,55.59,227.35,183.336
2020-07-30,54.863,223.75,178.174
2020-07-31,54.542,221.4,176.748
2020-08-03,55.4,225.95,179.82
2020-08-04,55.592,224.55,181.072
2020-08-05,56.122,224.6,182.574
2020-08-06,55.897,223.5,180.685
2020-08-07,55.702,224.65,180.663
2020-08-10,55.473,224.05,182.52
2020-08-11,56,226.6,186.417
2020-08-12,56.236,229.5,188.954
2020-08-13,55.885,229.35,186.444
2020-08-14,55.767,226.3,184.48
2020-08-17,56.042,227.9,184.238
2020-08-18,55.668,226.8,183.707
2020-08-19,55.698,228.15,184.723
2020-08-20,54.776,226.5,182.159
2020-08-21,55.777,226.45,181.904
2020-08-24,56.331,229.4,185.148
2020-08-25,56.754,229.2,184.135
2020-08-26,57.071,231.3,185.203
2020-08-27,56.761,230.15,184.172
2020-08-28,56.859,228,183.684
2020-08-31,55.233,226.85,182.365
2020-09-01,56.286,226.7,181.171
2020-09-02,56.666,231.5,183.376
2020-09-03,55.776,227.2,181.889
2020-09-04,55.433,223.7,180.881
2020-09-07,55.704,227.1,183.522
2020-09-08,55.335,225,181.194
2020-09-09,55.597,228.95,184.155
2020-09-10,55.288,227.9,182.859
2020-09-11,55.516,228.7,182.543
2020-09-14,56.001,229.1,182.824
2020-09-15,56.84,231.1,184.14
2020-09-16,57.108,232.35,184.659
2020-09-17,56.441,231.65,183.105
2020-09-18,56.235,231.2,180.805
2020-09-21,55.304,225.6,173.944
2020-09-22,55.417,226.05,174.093
2020-09-23,55.397,227.85,174.931
2020-09-24,54.816,225.25,173.258
2020-09-25,54.73,225.65,172.595
2020-09-28,55.291,229.8,177.605
2020-09-29,55.115,229.5,175.42
2020-09-30,56.016,228.2,175.555
2020-10-01,56.357,230.35,175.113
2020-10-02,56.257,230.05,175.93
2020-10-05,56.159,231.35,178.024
2020-10-06,56.695,230.1,179.421
2020-10-07,57.193,229.75,179.206
2020-10-08,57.354,230.95,180.803
2020-10-09,57.788,233.25,181.123
2020-10-12,58.262,235.65,182.138
2020-10-13,58.104,235.35,179.882
2020-10-14,58.281,234.2,180.028
2020-10-15,57.513,230.4,176.174
2020-10-16,57.803,233.7,178.114
2020-10-19,57.646,232.95,178.108
2020-10-20,57.675,231.7,177.613
2020-10-21,57.839,228.6,175.4
2020-10-22,57.825,228,175.26
2020-10-23,57.746,228.75,177.205
2020-10-26,57.433,224.25,174.54
2020-10-27,57.704,223.65,171.612
2020-10-28,56.91,217.9,165.949
2020-10-29,57.533,217.9,165.775
2020-10-30,56.996,217.2,166.758
2020-11-02,57.677,219.6,170.413
2020-11-03,57.78,223.7,175.126
2020-11-04,59.468,230.4,176.841
2020-11-05,59.813,233.2,178.007
2020-11-06,59.74,232.7,177.692
2020-11-09,61.345,237.1,189.445
2020-11-10,60.172,235.7,193.855
2020-11-11,60.584,239.8,194.93
2020-11-12,60.762,238.3,192.96
2020-11-13,60.622,237.25,193.684
2020-11-16,61.7,238.2,197.85
2020-11-17,61.295,236.65,197.912
2020-11-18,61.444,237.2,199.258
2020-11-19,61.261,236.15,196.996
2020-11-20,61.631,237.45,197.927
2020-11-23,61.96,235.2,199.061
2020-11-24,62.377,234.2,204.269
2020-11-25,62.02,234.95,203.399
2020-11-26,62.298,235.5,201.988
2020-11-27,62.456,236.25,202.479
2020-11-30,60.91,235.3,199.392
2020-12-01,61.456,236.35,201.758
2020-12-02,61.439,235.3,202.121
2020-12-03,61.844,235.3,202.345
2020-12-04,62.377,235.7,203.939
2020-12-07,62.573,236.85,202.304
2020-12-08,62.559,237.75,202.289
2020-12-09,62.551,237.9,203.264
2020-12-10,62.705,237.25,202.538
2020-12-11,62.52,236.9,199.551
2020-12-14,62.083,238.1,200.453
2020-12-15,62.26,237.6,201.676
2020-12-16,62.624,239.4,203.294
2020-12-17,62.693,240.35,203.419
2020-12-18,62.837,240.25,202.272
2020-12-21,61.996,236.2,196.343
2020-12-22,61.792,239.1,198.537
2020-12-23,62.328,239.5,201.781
2020-12-24,62.295,239.9,202.689
2020-12-25,62.237,240.95,203.198
2020-12-28,62.179,242,203.707
2020-12-29,62.777,244.45,204.005
2020-12-30,63.601,243.65,203.179
2020-12-31,63.915,241.25,201.863
2021-01-01,64.071,243.225,202.6775
2021-01-04,64.227,245.2,203.492
2021-01-05,64.951,244.25,203.888
2021-01-06,65.157,244.65,210.11
2021-01-07,65.195,244.7,211.277
2021-01-08,67.05,247.4,211.551
2021-01-11,67.163,246.25,209.828
2021-01-12,67.691,245.65,210.381
2021-01-13,67.575,246.2,210.508
2021-01-14,68.833,247.75,212.421
2021-01-15,68.029,245.15,210.432
2021-01-18,68.252,246.3,210.256
2021-01-19,68.732,246.5,209.685
2021-01-20,69.84,248,210.921
2021-01-21,69.922,248.8,210.022
2021-01-22,69.02,248.15,208.341
2021-01-25,69.599,247.5,205.665
2021-01-26,69.019,248.7,207.077
2021-01-27,68.118,245.8,204.721
2021-01-28,67.766,245.8,204.932
2021-01-29,66.468,241.1,201.318
2021-02-01,67.913,245.4,202.476
2021-02-02,69.537,248.55,204.897
2021-02-03,69.939,248.45,206.324
2021-02-04,69.946,249.9,207.753
2021-02-05,70.343,248.8,208.088
2021-02-08,70.427,249.65,208.694
2021-02-09,70.71,250.5,207.933
2021-02-10,71.031,248.45,208.322
2021-02-11,72.079,251.3,208.116
2021-02-12,72.04,253.5,209.137
2021-02-15,72.683,254.75,213.285
2021-02-16,72.216,255.05,213.142
2021-02-17,72.255,252.25,212.207
2021-02-18,70.927,251.05,210.435
2021-02-19,71.738,251.7,212.027
2021-02-22,69.673,249.25,212.168
2021-02-23,69.113,246.65,212.38
2021-02-24,68.899,246.75,214.408
2021-02-25,68.404,245.6,213.92
2021-02-26,67.134,242.6,209.236
2021-03-01,69.121,247.05,213.498
2021-03-02,68.142,246.95,214.474
2021-03-03,68.613,245.3,216.085
2021-03-04,68.054,243.5,216.87
2021-03-05,67.1,239.95,216.433
2021-03-08,67.026,244.4,221.166
2021-03-09,67.768,248.1,221.2
2021-03-10,67.401,249.3,222.358
2021-03-11,69.077,251.7,222.463
2021-03-12,67.987,249.9,223.095
2021-03-15,68.043,250.65,221.999
2021-03-16,68.844,253.55,223.318
2021-03-17,68.006,251.6,223.364
2021-03-18,68.182,251.7,225.271
2021-03-19,68.235,250.35,223.059
2021-03-22,68.082,252.4,222.337
2021-03-23,67.646,251.55,221.853
2021-03-24,66.488,251.25,222.445
2021-03-25,66.452,251.2,222.49
2021-03-26,66.894,253.5,224.304
2021-03-29,67.425,254.3,224.695
2021-03-30,68.159,255.3,226.734
2021-03-31,68.314,255.6,225.53
2021-04-01,69.14,258.15,225.999
2021-04-02,69.103,258.6,226.454666666667
2021-04-05,69.066,259.05,226.910333333333
2021-04-06,69.029,259.5,227.366
2021-04-07,67.731,257.7,227.772
2021-04-08,68.263,261.65,227.945
2021-04-09,67.534,263.5,227.117
2021-04-12,67.075,261.1,226.879
2021-04-13,67.434,262.2,226.287
2021-04-14,67.698,262.95,226.487
2021-04-15,67.89,264.8,227.236
2021-04-16,68.12,266.6,229.8
2021-04-19,67.568,266.1,229.996
2021-04-20,66.966,262.1,224.621
2021-04-21,67.189,265.3,225.392
2021-04-22,67.706,268.3,225.893
2021-04-23,67.964,267.85,225.558
2021-04-26,67.96,267.5,226.952
2021-04-27,68.173,267.55,226.658
2021-04-28,68.348,267.05,227.461
2021-04-29,67.928,266.15,227.1
2021-04-30,67.572,265.1,226.443
2021-05-03,67.418,266.8,228.524
2021-05-04,66.514,261.55,225.874
2021-05-05,67.383,266.6,230.1
2021-05-06,67.432,265.2,231.167
2021-05-07,67.9,268.5,232.441
2021-05-10,66.694,266.85,234.154
2021-05-11,65.952,261.65,229.531
2021-05-12,65.16,261.45,231.579
2021-05-13,64.975,262.2,230.481
2021-05-14,65.501,265.4,233.532
2021-05-17,65.372,265.05,233.435
2021-05-18,66.206,266,233.3
2021-05-19,65.633,262.55,229.2
2021-05-20,66.215,267.6,231.289
2021-05-21,65.864,269.15,232.57
2021-05-24,66.041,270.55,232.9
2021-05-25,66.473,271.15,231.588
2021-05-26,67.064,271.2,231.457
2021-05-27,67.343,271.35,232.6
2021-05-28,67.796,273.65,233.111
2021-05-31,68.147,272.05,231.671
2021-06-01,68.788,273.8,234.079
2021-06-02,69.127,274.3,235.256
2021-06-03,68.994,273.7,235.236
2021-06-04,69.14,275.65,235.216
2021-06-07,68.53,276.55,236.026
2021-06-08,68.443,277.3,235.506
2021-06-09,68.424,278.5,234.997
2021-06-10,68.886,278.6,235.296
2021-06-11,68.992,280.55,236.951
2021-06-14,69.221,280.65,237.382
2021-06-15,68.682,281.45,237.7
2021-06-16,68.737,282.85,237.655
2021-06-17,69.473,282.95,237.396
2021-06-18,69.175,279.5,232.027
2021-06-21,68.912,281.5,234.288
2021-06-22,68.639,282.45,234.647
2021-06-23,69.18,279.8,233.242
2021-06-24,69.736,283.05,235.086
2021-06-25,70.142,283.15,235.337
2021-06-28,70.247,282.25,232.7
2021-06-29,70.1,283.8,233.529
2021-06-30,70.298,281.55,231.4
2021-07-01,69.763,282.35,233.86
2021-07-02,69.672,283.55,233.743
2021-07-05,69.329,284.35,235.162
2021-07-06,68.974,284.05,232.188
2021-07-07,68.898,286.85,233.426
2021-07-08,67.292,282.35,229.489
2021-07-09,68.174,285.35,233.35
2021-07-12,68.32,287.35,234.492
2021-07-13,69.15,288.3,234.112
2021-07-14,69.039,288.15,233.533
2021-07-15,69.473,285.45,231.6
2021-07-16,68.941,284.95,230.319
2021-07-19,67.641,280.7,223.509
2021-07-20,67.92,281.25,224.936
2021-07-21,68.104,285.05,229.441
2021-07-22,68.598,286.7,230
2021-07-23,67.63,290.65,232.314
2021-07-26,66.295,288.4,233.5
2021-07-27,64.215,286.6,232.33
2021-07-28,66.22,289.4,233.22
2021-07-29,66.586,290.55,234.806
2021-07-30,66.147,290.25,232.716
2021-08-02,66.673,292.45,233.518
2021-08-03,66.436,292.55,234.775
2021-08-04,67.265,295.05,235.48
2021-08-05,67.375,296.4,235.941
2021-08-06,66.946,295.1,237.474
2021-08-09,67.461,295.7,237.708
2021-08-10,67.505,296.55,238.443
2021-08-11,67.407,297.15,240.21
2021-08-12,66.97,297.9,240.605
2021-08-13,66.395,297.95,241.039
2021-08-16,65.839,297,239.421
2021-08-17,65.393,297.75,239.229
2021-08-18,65.662,297.8,239.663
2021-08-19,64.283,293.75,235.619
2021-08-20,64.185,295.15,236.223
2021-08-23,64.645,297.1,237.38
2021-08-24,66.201,296.6,238
2021-08-25,66.381,296.35,238.011
2021-08-26,65.853,295.55,237.187
2021-08-27,66.269,297.15,238.068
2021-08-30,66.447,297.5,237.996
2021-08-31,67.409,296.4,236.729
2021-09-01,68.068,298.45,237.502
2021-09-02,67.906,299.5,238.072
2021-09-03,67.841,297.7,236.829
2021-09-06,68.521,300.45,237.937
2021-09-07,68.552,299.3,236.863
2021-09-08,67.635,295.9,234.417
2021-09-09,67.475,296.1,233.86
2021-09-10,67.612,296,232.56
2021-09-13,67.623,295.2,234.652
2021-09-14,67.166,296.6,233.856
2021-09-15,66.571,293.3,232.9
2021-09-16,66.441,295.05,233.394
2021-09-17,66.4,292.75,231.051
2021-09-20,64.866,289.05,225.739
2021-09-21,65.122,292.95,227.9
2021-09-22,66.198,294.35,230.964
2021-09-23,66.287,297.45,232.92
2021-09-24,65.897,293.7,231.6
2021-09-27,66.248,290.1,234.328
2021-09-28,65.478,282.3,231.3
2021-09-29,65.638,284.2,233.036
2021-09-30,66.312,283.65,232.3
2021-10-01,65.677,283.55,231.431
2021-10-04,64.386,281.1,231.581
2021-10-05,65.419,284,234.7
2021-10-06,64.96,281.4,231.888
2021-10-07,66.687,285.9,235.656
2021-10-08,66.649,284.15,236.044
2021-10-11,67.048,284,236.872
2021-10-12,66.644,284.05,236.4
2021-10-13,67.022,287.8,236.012
2021-10-14,67.166,291.7,238.536
2021-10-15,68.093,293.7,240.324
2021-10-18,67.884,292.45,238.825
2021-10-19,68.452,293.2,239.983
2021-10-20,68.56,294.05,240.674
2021-10-21,67.894,295.3,239.222
2021-10-22,67.864,297.45,239.9
2021-10-25,68.403,296.7,240.6
2021-10-26,68.423,298.65,242.354
2021-10-27,67.78,297.95,241.428
2021-10-28,66.98,299.7,240.972
2021-10-29,66.906,300.35,240.813
2021-11-01,67.205,301.9,243.137
2021-11-02,66.72,303.35,242.318
2021-11-03,66.689,304.95,242.973
2021-11-04,66.987,307.85,242.482
2021-11-05,67.04,307,243.442
2021-11-08,67.34,307.3,243.032
2021-11-09,67.262,307.35,242.088
2021-11-10,67.832,306.8,244
2021-11-11,68.916,308.2,244.544
2021-11-12,69.068,310,244.46
2021-11-15,69.11,311.1,245.469
2021-11-16,69.599,311.85,245.786
2021-11-17,69.519,312.45,245.932
2021-11-18,68.387,311.9,243.971
2021-11-19,68.632,312.4,241.933
2021-11-22,68.512,310.05,243.192
2021-11-23,68,303.6,242.686
2021-11-24,68.33,303.85,243.285
2021-11-25,68.491,305.5,243.848
2021-11-26,65.212,296.55,232.297
2021-11-29,65.942,299.05,233.893
2021-11-30,65.662,296,231.6
2021-12-01,67.078,301.2,236.38
2021-12-02,66.872,295.6,234.9
2021-12-03,65.916,293.8,234.039
2021-12-06,66.21,296.95,238.199
2021-12-07,67.68,306.3,242.13
2021-12-08,67.5,304.8,240.668
2021-12-09,67.653,304.9,239.843
2021-12-10,67.116,303.55,239.616
2021-12-13,66.317,302.45,238.13
2021-12-14,66.097,297.5,238.246
2021-12-15,65.403,299.85,237.567
2021-12-16,66.203,302.4,241.34
2021-12-17,65.97,300.3,240.08
2021-12-20,64.393,296.75,236.326
2021-12-21,65.773,300.3,240.764
2021-12-22,65.882,304,241.779
2021-12-23,66.354,306.55,244.826
2021-12-24,65.891,306.2,244.596
2021-12-27,66.603,308.7,245.8
2021-12-28,66.489,310.95,247.584
2021-12-29,65.9,309.9,246.75
2021-12-30,66.693,310.65,246.765
2021-12-31,66.869,310.7,246.479
2022-01-03,67.191,311.25,248.9
2022-01-04,66.905,310.55,253.1
2022-01-05,66.494,309.65,253.9
2022-01-06,66.119,302.6,252.267
2022-01-07,66.297,300.25,253.3
2022-01-10,66.373,292.95,252.9
2022-01-11,67.611,295.75,254.9
2022-01-12,68.347,297.4,257.04
2022-01-13,67.987,295.55,258.3
2022-01-14,67.638,290.7,257.337
2022-01-17,67.794,293.05,259.4
2022-01-18,67.266,288.3,258.39
2022-01-19,67.427,289.8,258.2
2022-01-20,68.798,292.3,258.8
2022-01-21,67.418,287.35,253.5
2022-01-24,65.153,275.1,244.6
2022-01-25,65.733,275.6,248.692
2022-01-26,66.159,278.95,253.9
2022-01-27,66.133,280.3,256.68
2022-01-28,65.325,278.1,253.761
2022-01-31,66.869,282.5,253.652
2022-02-01,67.493,285.55,256.765
2022-02-02,66.929,287.25,257.167
2022-02-03,65.838,279.2,254.8
2022-02-04,65.629,275.45,252.6
2022-02-07,65.823,277,254.406
2022-02-08,66.43,275.5,255.951
2022-02-09,67.353,281.5,258.928
2022-02-10,67.381,279.15,259.301
2022-02-11,67.311,276.35,259.413
2022-02-14,66.444,271.5,254.581
2022-02-15,67.25,276.85,257.137
2022-02-16,67.552,276.4,257.313
2022-02-17,67.621,275.05,255.456
2022-02-18,66.677,272,253.89
2022-02-21,66.132,268.15,251.2
2022-02-22,65.724,269.4,250.427
2022-02-23,65.473,268.9,250.181
2022-02-24,63.179,262.6,240.4
2022-02-25,64.48,271.4,248.038
2022-02-28,63.991,273.05,245
2022-03-01,64.376,267.6,238.564
2022-03-02,64.125,269.75,241.554
2022-03-03,63.592,264.5,236.323
2022-03-04,62.726,255.75,227.723
2022-03-07,61.625,252.75,225.24
2022-03-08,60.671,248.6,226.784
2022-03-09,61.391,262.15,235.934
2022-03-10,60.511,257.15,232.943
2022-03-11,60.223,259.35,234.973
2022-03-14,58.643,262.15,237.641
2022-03-15,58.24,261.1,237.608
2022-03-16,61.599,271.2,242.726
2022-03-17,61.585,273.2,243.637
2022-03-18,61.959,278,244.385
2022-03-21,62.044,276,245.727
2022-03-22,63.346,278.45,248.09
2022-03-23,63.509,275.15,245.736
2022-03-24,63.391,274.2,245.896
2022-03-25,62.876,273.95,246.473
2022-03-28,62.993,274.9,246.485
2022-03-29,63.559,281.45,248.967
2022-03-30,63.659,279.65,248.747
2022-03-31,63.16,277,246.768
2022-04-01,63.977,277.85,248.086
2022-04-04,65.448,281.65,249.021
2022-04-05,64.799,282.35,249.529
2022-04-06,63.789,276.85,247.5
2022-04-07,63.133,276.9,246.332
2022-04-08,63.811,278.95,251.346
2022-04-11,62.865,276.2,251.204
2022-04-12,63.278,275.05,250.386
2022-04-13,63.503,274.85,250.408
2022-04-14,63.269,276.6,252.192
2022-04-15,62.9863333333333,275.433333333333,251.941
2022-04-18,62.7036666666667,274.266666666667,251.69
2022-04-19,62.421,273.1,251.439
2022-04-20,61.916,276.45,253.077
2022-04-21,61.244,276.85,253.87
2022-04-22,60.979,272.05,249.272
2022-04-25,59.92,268,244.04
2022-04-26,59.764,264.55,243.463
2022-04-27,60.581,266.7,244.971
2022-04-28,61.15,269,246.935
2022-04-29,62.719,271.35,248.318
2022-05-02,61.706,266,244.166
2022-05-03,62.24,267.05,248.67
2022-05-04,61.247,263.1,246.313
2022-05-05,60.626,261.65,244.796
2022-05-06,59.766,255.2,242.076
2022-05-09,58.351,246.6,236.108
2022-05-10,58.145,248.3,237.897
2022-05-11,59,252.15,242.412
2022-05-12,58.603,250.45,240.404
2022-05-13,59.845,257.25,245.093
2022-05-16,59.726,255.6,246.204
2022-05-17,60.403,258.55,249.54
2022-05-18,59.925,254.15,247.734
2022-05-19,59.652,250.7,244.618
2022-05-20,60.095,252.25,246.57
2022-05-23,60.024,254.85,250.202
2022-05-24,58.18,251.85,248.055
2022-05-25,58.84,252.2,250.854
2022-05-26,59.452,255.5,252.529
2022-05-27,60.438,260.75,254.063
2022-05-30,61.005,263.6,254.346
2022-05-31,61.394,261.05,252.678
2022-06-01,61.124,257.95,251.5
2022-06-02,61.571,260.75,252.296
2022-06-03,60.857,259.45,251.611
2022-06-06,61.765,262.35,254.116
2022-06-07,61.307,260.1,253.768
2022-06-08,61.88,258.95,251.623
2022-06-09,61.344,255,248.882
2022-06-10,60.881,248.8,241.906
2022-06-13,59.382,242.6,236.787
2022-06-14,60.244,238.2,234.978
2022-06-15,60.571,241.75,238.404
2022-06-16,58.502,236.15,232.217
2022-06-17,59.071,237.45,231.21
2022-06-20,58.99,238.7,234.622
2022-06-21,59.693,240.2,234.942
2022-06-22,58.519,239.75,231.75
2022-06-23,58.782,239.45,228.258
2022-06-24,59.745,247.55,233.9
2022-06-27,59.905,248.65,234.286
2022-06-28,60.243,247.9,236.05
2022-06-29,59.891,246.95,234.685
2022-06-30,59.335,244.45,230.053
2022-07-01,59.416,244.8,230.074
2022-07-04,59.355,245.45,231.997
2022-07-05,59.205,242.85,224.789
2022-07-06,59.733,249.1,226.43
2022-07-07,61.564,252.25,231.994
2022-07-08,61.56,253,233.462
2022-07-11,60.281,253.05,231.614
2022-07-12,60.305,254,232.223
2022-07-13,59.891,252.1,229.907
2022-07-14,59.472,249.9,224.881
2022-07-15,59.482,254.65,228.3
2022-07-18,60.134,256.4,231.307
2022-07-19,59.983,259.85,234.669
2022-07-20,60.147,259.55,233.484
2022-07-21,60.476,262.75,232.7
2022-07-22,60.271,263.65,232.8
2022-07-25,60.198,263.1,234.305
2022-07-26,60.457,262.75,234.247
2022-07-27,60.869,264.1,235.458
2022-07-28,61.072,268.4,236.1
2022-07-29,60.548,272.1,239.243
2022-08-01,60.131,271.8,238.485
2022-08-02,60.313,270.4,238.599
2022-08-03,60.753,271.35,239.988
2022-08-04,60.829,272.1,239.397
2022-08-05,61.134,268.55,239.908
2022-08-08,61.238,270.65,241.517
2022-08-09,60.892,268,241.143
2022-08-10,60.843,271.1,241.839
2022-08-11,61.535,272.05,241.929
2022-08-12,61.988,271.85,242.931
2022-08-15,62.412,273.9,242.394
2022-08-16,62.465,272.9,244.324
2022-08-17,62.157,270.9,241.589
2022-08-18,62.171,272.5,242.851
2022-08-19,61.748,270.65,240.736
2022-08-22,62.003,267.7,239.422
2022-08-23,61.988,264.95,239.818
2022-08-24,62.363,267.25,238.5
2022-08-25,63.062,268,239.313
2022-08-26,62.695,262.65,236.595
2022-08-29,62.051,258.8,234.827
2022-08-30,61.211,257.55,234.081
2022-08-31,61.243,254.25,231.041
2022-09-01,60.934,249.25,228.059
2022-09-02,60.848,254.2,232.372
2022-09-05,60.953,252.4,231.854
2022-09-06,60.445,253.25,231.93
2022-09-07,60.088,252.65,229.915
2022-09-08,60.165,254.05,230.991
2022-09-09,60.545,257.9,234.242
2022-09-12,60.983,261.45,239.027
2022-09-13,60.345,256.45,236.548
2022-09-14,60.193,254.1,234.349
2022-09-15,59.77,251.4,234.016
2022-09-16,58.751,246.7,231.106
2022-09-19,58.744,246.4,231.199
2022-09-20,59.126,243.55,229.055
2022-09-21,59.169,246.35,230.185
2022-09-22,58.605,239.75,228.072
2022-09-23,57.943,236.4,221.059
2022-09-26,57.957,236.35,219
2022-09-27,57.95,236.75,218
2022-09-28,57.525,238.95,217.905
2022-09-29,55.845,234.7,214.962
2022-09-30,56.188,238,217.133
2022-10-03,56.279,238.25,219.482
2022-10-04,57.453,246.75,225.616
2022-10-05,57.657,245.15,223.28
2022-10-06,58.083,244.25,220.911
2022-10-07,57.227,239.4,220.164
2022-10-10,56.657,238,219.877
2022-10-11,55.85,237,218.877
2022-10-12,55.65,236.2,216.672
2022-10-13,55.294,236.65,220.268
2022-10-14,55.275,237.85,220.58
2022-10-17,55.965,242.4,224.807
2022-10-18,55.525,243.7,224.8
2022-10-19,55.178,241.7,224.925
2022-10-20,55.783,242.2,225.371
2022-10-21,55.642,240.3,225.269
2022-10-24,53.522,243.3,227.967
2022-10-25,53.67,248.9,229.288
2022-10-26,54.248,250.45,230.1
2022-10-27,54.331,248.45,232.684
2022-10-28,53.524,248.4,232.856
2022-10-31,53.967,248.65,234.3
2022-11-01,55.18,249.35,236.449
2022-11-02,55.085,249.05,235.128
2022-11-03,55.567,245.3,234.388
2022-11-04,56.632,250.4,238.531
2022-11-07,56.639,250.55,239.04
2022-11-08,56.761,254,239.697
2022-11-09,56.394,253.8,238.232
2022-11-10,57.039,263.3,242.421
2022-11-11,57.643,264.15,241.83
2022-11-14,57.689,263.5,242.743
2022-11-15,58.972,264.4,243.992
2022-11-16,57.556,261.15,242.31
2022-11-17,57.687,260.2,241.761
2022-11-18,57.501,262.8,244.783
2022-11-21,57.189,263.1,244.379
2022-11-22,57.193,263.7,247.204
2022-11-23,57.139,266.3,247.771
2022-11-24,57.56,267.3,248.89
2022-11-25,56.939,266.9,249.702
2022-11-28,56.518,265.45,247.733
2022-11-29,58.147,264.1,249.093
2022-11-30,59.465,264.7,250.184
2022-12-01,58.877,269.45,251.023
2022-12-02,58.207,269.95,250.886
2022-12-05,58.387,267.85,250.297
2022-12-06,58.376,265.65,249.235
2022-12-07,57.934,263.6,247.599
2022-12-08,58.454,263.85,246.499
2022-12-09,58.619,264.45,248.546
2022-12-12,57.464,264.65,247.125
2022-12-13,58.358,266.1,249.482
2022-12-14,57.735,267.65,249.266
2022-12-15,56.677,266.45,243.079
2022-12-16,56.72,258,240.743
2022-12-19,56.83,258.45,241.951
2022-12-20,56.715,255.55,242.348
2022-12-21,57.114,259.1,246.559
2022-12-22,57.007,259.75,244.844
2022-12-23,56.57,255.9,245.8
2022-12-26,56.8735,256.375,245.8595
2022-12-27,57.177,256.85,245.919
2022-12-28,56.664,257.2,245.538
2022-12-29,57.328,254.45,245.961
2022-12-30,56.423,254.45,243.157
2023-01-02,56.747,256.05,247.693
2023-01-03,57.47,260.2,249.054
2023-01-04,58.532,264.55,251.925
2023-01-05,59.039,263.9,251.96
2023-01-06,59.576,264.35,254.924
2023-01-09,60.024,267.75,255.935
2023-01-10,59.796,267.9,254.327
2023-01-11,59.72,270.35,255.429
2023-01-12,59.964,269.5,257.989
2023-01-13,60.13,270.8,258.394
2023-01-16,60.079,273.5,259.303
2023-01-17,60.334,273.3,259.213
2023-01-18,60.125,276.75,260.441
2023-01-19,60.377,272.75,256.79
2023-01-20,61.024,272.45,258.012
2023-01-23,61.618,272.95,258.976
2023-01-24,61.595,272.5,258.522
2023-01-25,61.271,273.15,258.316
2023-01-26,62.055,273.25,259.501
2023-01-27,62.01,273.05,260.466
2023-01-30,61.074,271.05,259.799
2023-01-31,60.518,272.8,259.558
2023-02-01,60.649,271.45,259.19
2023-02-02,60.774,274.25,261.604
2023-02-03,60.44,275.7,260.072
2023-02-06,59.768,276.3,258.989
2023-02-07,59.937,276.85,261.154
2023-02-08,59.803,278.85,262.212
2023-02-09,60.435,277.65,264.241
2023-02-10,60.032,274,262.746
2023-02-13,60.167,276.7,264.041
2023-02-14,59.911,278.15,264.8
2023-02-15,59.611,276.95,265.079
2023-02-16,59.708,278.9,266.289
2023-02-17,59.231,276.65,265.922
2023-02-20,59.58,279.35,266.682
2023-02-21,58.89,278.45,266.024
2023-02-22,58.355,277.35,264.575
2023-02-23,59.154,278.6,265.18
2023-02-24,57.759,274.25,262.836
2023-02-27,57.962,277.65,265.992
2023-02-28,57.519,274.5,265.862
2023-03-01,58.46,275.5,263.938
2023-03-02,58.776,270.75,265.357
2023-03-03,59.327,277,267.819
2023-03-06,59.057,276.15,268.169
2023-03-07,58.768,277.5,265.853
2023-03-08,58.814,273.65,266.472
2023-03-09,57.936,274.1,264.829
2023-03-10,57.176,273.7,261.098
2023-03-13,56.525,271.5,252.518
2023-03-14,56.584,272.5,256.193
2023-03-15,56.169,268.75,246.138
2023-03-16,56.611,270.45,248.11
2023-03-17,56.291,273.95,244.6
2023-03-20,56.03,269.75,247.811
2023-03-21,56.17,273.3,252.492
2023-03-22,56.797,274,252.343
2023-03-23,57.281,276.25,250.126
2023-03-24,57.049,275,246.4
2023-03-27,56.666,277.2,249.157
2023-03-28,57.211,274.5,250.46
2023-03-29,57.523,277.2,253.249
2023-03-30,57.844,280.8,256.172
2023-03-31,58.068,282.5,257.462
2023-04-03,57.784,282.45,258.272
2023-04-04,57.43,283.6,258.001
2023-04-05,57.182,282.7,257.747
2023-04-06,57.355,282.35,259.958
2023-04-07,57.607,282.85,260.564333333333
2023-04-10,57.859,283.35,261.170666666667
2023-04-11,58.111,283.85,261.777
2023-04-12,57.36,285.15,262.75
2023-04-13,57.411,286.2,262.987
2023-04-14,57.329,288,264.605
2023-04-17,57.908,288.3,264.69
2023-04-18,57.792,290,265.178
2023-04-19,57.16,288.3,265.984
2023-04-20,57.187,287.75,264.72
2023-04-21,56.376,289.95,264.6
2023-04-24,56,291.35,264.88
2023-04-25,55.463,291.15,263.753
2023-04-26,55.523,285.8,263.45
2023-04-27,56.002,286.9,263.968
2023-04-28,56.342,288.45,265.408
2023-05-01,56.058,288.775,262.924
2023-05-02,55.774,289.1,260.44
2023-05-03,55.733,289.15,260.8
2023-05-04,56.174,286.15,259.392
2023-05-05,56.668,290.2,264.061
2023-05-08,56.937,291.6,265.309
2023-05-09,56.874,290.3,264.545
2023-05-10,56.711,289.7,262.808
2023-05-11,56.639,291.35,262.027
2023-05-12,56.407,292.15,263.305
2023-05-15,57.178,292.55,264.349
2023-05-16,57.194,291.85,262.861
2023-05-17,57.317,291.3,262.5
2023-05-18,57.471,293.8,263.899
2023-05-19,57.344,296,265.067
2023-05-22,57.905,295.6,265.089
2023-05-23,57.526,291.65,265.38
2023-05-24,56.899,286.3,261
2023-05-25,56.882,287.45,258.412
2023-05-26,57.815,291.45,261
2023-05-29,57.526,290.9,260.685
2023-05-30,57.209,288.5,258.049
2023-05-31,56.615,285.8,254.806
2023-06-01,56.846,286.55,256.302
2023-06-02,58.769,291.35,261.684
2023-06-05,58.613,289.65,260.872
2023-06-06,59.183,290.6,261.67
2023-06-07,59.312,289.3,261.7
2023-06-08,59.022,288.8,262.446
2023-06-09,59.543,288.1,261.87
2023-06-12,59.628,289.45,261.223
2023-06-13,60.124,291.8,262.852
2023-06-14,60.101,292.1,264.519
2023-06-15,60.028,291.65,263.911
2023-06-16,60.165,293.8,265.3
2023-06-19,59.867,289.7,263.242
2023-06-20,59.037,288.05,261.74
2023-06-21,58.474,285.95,261.361
2023-06-22,58.214,285.65,258.793
2023-06-23,57.714,284.65,257.942
2023-06-26,57.856,284.85,258.113
2023-06-27,58.066,284.05,258.642
2023-06-28,57.953,286.85,259.73
2023-06-29,57.876,286.85,260.005
2023-06-30,58.188,290.75,262.9
2023-07-03,58.854,288.05,264.3
2023-07-04,59.251,288.6,264.142
2023-07-05,58.71,286.6,261.932
2023-07-06,57.372,279.95,255.9
2023-07-07,57.689,279.85,256.544
2023-07-10,57.493,280.7,256.597
2023-07-11,57.838,282,258.795
2023-07-12,58.597,286.35,262.576
2023-07-13,58.846,288.6,263.872
2023-07-14,58.64,289.7,261.907
2023-07-17,58.343,287.15,261.473
2023-07-18,58.179,288.25,263.8
2023-07-19,58.334,288.15,264.5
2023-07-20,58.015,287.75,267.413
2023-07-21,58.233,288.65,268.294
2023-07-24,59.176,288.25,269.412
2023-07-25,59.757,289.4,270.8
2023-07-26,59.97,286.75,270
2023-07-27,60.346,292.9,271.9
2023-07-28,61.03,292.7,271.349
2023-07-31,61.117,292.85,271.523
2023-08-01,60.692,289.85,268.549
2023-08-02,59.458,286.65,265
2023-08-03,59.683,284.15,264.1
2023-08-04,59.428,284.35,265.333
2023-08-07,59.006,284.5,265.792
2023-08-08,58.511,285.95,263.362
2023-08-09,58.627,286,265.592
2023-08-10,59.032,288.9,267.841
2023-08-11,57.998,284.95,265.368
2023-08-14,57.9,285.75,265.601
2023-08-15,57.411,282.95,262.849
2023-08-16,57.203,283.85,262.909
2023-08-17,57.346,279.25,262.021
2023-08-18,56.811,277.6,260.698
2023-08-21,56.587,277.85,261.159
2023-08-22,56.987,279.75,262.79
2023-08-23,57.792,282.4,262.712
2023-08-24,57.751,280.5,261.988
2023-08-25,57.799,280.2,262.454
2023-08-28,58.445,283.5,265.417
2023-08-29,58.893,285.7,266.747
2023-08-30,58.275,285.05,266.271
2023-08-31,58.134,284.05,266.512
2023-09-01,58.955,283.45,266.6
2023-09-04,59.169,283.65,266.371
2023-09-05,59.098,282.75,266.043
2023-09-06,58.779,280.6,264.669
2023-09-07,58.109,280.45,264.843
2023-09-08,58.14,281.05,265.467
2023-09-11,58.483,280.95,267.548
2023-09-12,58.544,279.2,267.985
2023-09-13,58.572,277.85,267.808
2023-09-14,59.319,281.5,272.206
2023-09-15,58.999,281.7,273.389
2023-09-18,58.749,278.05,270.802
2023-09-19,58.378,276.45,272.09
2023-09-20,58.501,279.4,274.395
2023-09-21,57.418,274.65,271.791
2023-09-22,58.136,274.2,270.543
2023-09-25,58.087,272.35,269.084
2023-09-26,57.467,269.95,268.196
2023-09-27,57.775,269.6,267.639
2023-09-28,57.472,270.35,268.945
2023-09-29,57.775,272.6,269.18
2023-10-02,57.705,269.95,266.147
2023-10-03,57.289,267.3,262.67
2023-10-04,56.734,267.9,261.47
2023-10-05,56.554,268.8,262.397
2023-10-06,57.202,270.55,264.568
2023-10-09,57.007,269.15,264.841
2023-10-10,57.854,275.05,269.426
2023-10-11,58.08,275.25,270.2
2023-10-12,58.067,276,270.177
2023-10-13,57.872,272.6,268.181
2023-10-16,58.025,273.35,269.495
2023-10-17,57.772,271.95,269.301
2023-10-18,57.123,268.8,267.115
2023-10-19,56.695,265.85,263.674
2023-10-20,55.828,262.45,259.877
2023-10-23,55.464,262.2,258.974
2023-10-24,56.385,264.2,259.49
2023-10-25,55.908,264.2,260.263
2023-10-26,55.602,262.7,259.275
2023-10-27,55.564,260.8,256.325
2023-10-30,55.704,261.4,257.481
2023-10-31,55.229,263.25,258.12
2023-11-01,55.981,265.5,259.863
2023-11-02,56.814,270.35,263.052
2023-11-03,57.406,271.15,263.139
2023-11-06,57.943,270.45,262.785
2023-11-07,57.896,272.05,261.261
2023-11-08,57.501,272.95,261.19
2023-11-09,57.431,275.6,263.019
2023-11-10,57.216,271.8,261.292
2023-11-13,57.467,273.35,263.838
2023-11-14,57.869,277.35,266.097
2023-11-15,58.744,278.55,267
2023-11-16,57.71,278.1,265.393
2023-11-17,57.774,279.35,268.2
2023-11-20,58.142,279.85,268.7
2023-11-21,57.943,280.1,267.888
2023-11-22,58.089,282.15,267.805
2023-11-23,58.196,283.25,268.976
2023-11-24,57.786,283.05,270.39
2023-11-27,57.535,282.1,269.226
2023-11-28,57.796,280.1,269.348
2023-11-29,57.606,281.9,270.021
2023-11-30,57.98,283.35,271.717
2023-12-01,58.177,285.65,275.057
2023-12-04,57.997,285.4,274.784
2023-12-05,57.784,286.5,275.955
2023-12-06,58.148,288.5,276.976
2023-12-07,57.988,286.9,276.706
2023-12-08,58.001,289.65,278.522
2023-12-11,58.363,290.7,278.699
2023-12-12,58.09,290.65,277.561
2023-12-13,57.829,291.75,277.2
2023-12-14,58.534,293.15,279.9
2023-12-15,59.051,293.65,279.484
2023-12-18,58.449,292.2,278.731
2023-12-19,58.923,293.75,279.7
2023-12-20,58.607,294.05,280.599
2023-12-21,58.735,293.35,279.706
2023-12-22,58.46,293.35,280.989
2023-12-25,58.5133333333333,293.55,281.013666666667
2023-12-26,58.5666666666667,293.75,281.038333333333
2023-12-27,58.62,293.95,281.063
2023-12-28,59.556,293.85,280.202
2023-12-29,59.495,294,280.465
2024-01-01,59.4785,293.225,281.652
2024-01-02,59.462,292.45,282.839
2024-01-03,59.244,288.9,281.489
2024-01-04,59.077,290.65,284.263
2024-01-05,59.098,289.35,284.299
2024-01-08,58.839,291,283.936
2024-01-09,58.442,291.15,283.161
2024-01-10,58.02,291.35,281.541
2024-01-11,58.039,289.6,278.907
2024-01-12,58.626,292.05,281.162
2024-01-15,58.396,290.35,280
2024-01-16,57.832,290.9,278.949
2024-01-17,56.671,287.35,275.715
2024-01-18,57.274,290.35,276.151
2024-01-19,57.326,290,275.206
2024-01-22,57.217,292.35,277.136
2024-01-23,57.795,291.15,276.672
2024-01-24,58.574,295.45,278.997
2024-01-25,58.762,297.3,278.9
2024-01-26,58.762,301.8,280.909
2024-01-29,58.826,302.55,280.962
2024-01-30,58.219,303.55,281.534
2024-01-31,58.319,303.85,281.523
2024-02-01,58.25,303.55,279.17
2024-02-02,58.519,304.2,278.888
2024-02-05,58.896,305.5,277.357
2024-02-06,60.285,307.85,279.055
2024-02-07,60.106,308.2,276.618
2024-02-08,59.929,308.65,275.5
2024-02-09,59.862,309.25,274.845
2024-02-12,60.857,310.25,276.682
2024-02-13,59.884,306.05,275.417
2024-02-14,60.48,308.5,275.542
2024-02-15,60.588,310.6,277.517
2024-02-16,61.01,313.1,279.006
2024-02-19,60.919,313.65,279.274
2024-02-20,60.73,313.5,279.688
2024-02-21,60.893,311.8,279.358
2024-02-22,61.325,315.95,280.914
2024-02-23,61.312,318,281.6
2024-02-26,60.829,317.05,279.962
2024-02-27,61.105,317,281
2024-02-28,60.276,315.35,280.651
2024-02-29,60.528,314.85,280.795
2024-03-01,61.225,317.3,282.077
2024-03-04,60.996,318.1,281.1
2024-03-05,60.472,316.05,281.844
2024-03-06,61.121,317.5,282.848
2024-03-07,61.106,323.25,284.5
2024-03-08,61.186,322.3,284.971
2024-03-11,61.385,319.85,285.173
2024-03-12,61.982,323.65,287.38
2024-03-13,61.639,324.1,288.211
2024-03-14,61.749,325.1,287.026
2024-03-15,61.337,322.45,287.4
2024-03-18,61.511,322.2,287.119
2024-03-19,61.241,321.3,288.676
2024-03-20,61.41,321.8,288.922
2024-03-21,62.218,324.8,290.703
2024-03-22,61.935,323.35,291.551
2024-03-25,61.805,323.85,292.241
2024-03-26,61.935,324.4,293.292
2024-03-27,61.807,324.25,294
2024-03-28,62.392,325.25,295.183
2024-03-29,62.5536666666667,323.683333333333,294.986666666667
2024-04-01,62.7153333333333,322.116666666667,294.790333333333
2024-04-02,62.877,320.55,294.594
2024-04-03,62.611,321.45,295.606
2024-04-04,62.999,320.6,297.131
2024-04-05,62.399,318.15,293.735
2024-04-08,62.851,320.45,295.661
2024-04-09,63,317,294.702
2024-04-10,62.809,317.4,295.061
2024-04-11,63.265,317.25,292.949
2024-04-12,62.668,316.4,295.07
2024-04-15,62.552,318.25,294.669
2024-04-16,61.407,314,289.7
2024-04-17,61.202,313.85,290.787
2024-04-18,61.575,313.5,292.293
2024-04-19,61.083,312,292.622
2024-04-22,61.467,313.7,295.733
2024-04-23,61.911,318.35,298.152
2024-04-24,62.207,317.45,296.39
2024-04-25,62.014,314.35,296.139
2024-04-26,63.007,318.8,298.7
2024-04-29,63.47,317.7,300.033
2024-04-30,63.119,315.7,298.1
2024-05-01,63.5195,315.275,298.164
2024-05-02,63.92,314.85,298.228
2024-05-03,64.39,316.6,298.394
2024-05-06,64.551,318.3,300.3
2024-05-07,64.529,322.2,303.414
2024-05-08,64.498,324.3,303.803
2024-05-09,64.46,325.3,305.282
2024-05-10,64.737,327.5,307.936
2024-05-13,65.187,326.6,308.521
2024-05-14,65.242,327.3,308.774
2024-05-15,65.694,329.85,309.9
2024-05-16,65.93,329.4,309.943
2024-05-17,66.248,328.4,310.084
2024-05-20,66.117,329.8,310.66
2024-05-21,65.651,329.4,309.996
2024-05-22,65.723,328.75,308.099
2024-05-23,65.508,330.2,307.982
2024-05-24,65.249,329.7,307.147
2024-05-27,65.559,330.3,308.567
2024-05-28,65.153,327.35,307.425
2024-05-29,64.357,324.2,304.556
2024-05-30,64.119,325.2,306.495
2024-05-31,63.015,325.75,308.6
2024-06-03,63.813,327.1,309.282
2024-06-04,62.772,326.95,306.1
2024-06-05,64.057,332.45,307.182
2024-06-06,64.422,334.7,308.82
2024-06-07,64.445,334.7,308.291
2024-06-10,64.924,333.45,306.755
2024-06-11,64.55,331.55,303.38
2024-06-12,64.932,335.9,305.179
2024-06-13,65.06,331.85,301.628
2024-06-14,65.501,328.45,298.824
2024-06-17,65.581,328.4,299.423
2024-06-18,66.243,329.95,301.708
2024-06-19,66.682,328.7,302.206
2024-06-20,66.456,332.6,304.653
2024-06-21,66.374,330,302.565
2024-06-24,66.333,331.5,305.708
2024-06-25,65.876,331.15,304.551
2024-06-26,65.964,328.95,302.731
2024-06-27,65.913,327.7,301.858
2024-06-28,66.25,327.6,301.446
2024-07-01,66.169,326.25,304.025
2024-07-02,65.974,324.65,302.491
2024-07-03,66.69,326.8,304.784
2024-07-04,66.863,328.4,306.87
2024-07-05,66.699,327.8,306.272
2024-07-08,66.952,328.15,305.649
2024-07-09,67.145,324.55,303.386
2024-07-10,67.421,327.65,305.976
2024-07-11,67.727,329.25,308.027
2024-07-12,67.803,333.45,309.655
2024-07-15,67.298,329.3,307.005
2024-07-16,67.271,328.6,306.274
2024-07-17,66.371,323.15,308.264
2024-07-18,65.827,320.1,309.445
2024-07-19,65.233,318.2,306.56
2024-07-22,65.553,321.6,309.479
2024-07-23,65.576,323.25,308.583
2024-07-24,64.921,319.55,308.392
2024-07-25,64.418,315.5,308.035
2024-07-26,64.753,315.5,310.042
2024-07-29,64.731,317.65,309.491
2024-07-30,64.7,317.65,310.3
2024-07-31,66.055,322.8,312.142
2024-08-01,65.432,319.55,306.583
2024-08-02,63.003,309.1,300.854
2024-08-05,61.064,303.6,293.545
2024-08-06,61.637,305.9,292.666
2024-08-07,62.994,309.45,298.619
2024-08-08,63.52,310.05,298.394
2024-08-09,63.728,312.75,298.394
2024-08-12,64.122,311.45,300.403
2024-08-13,64.344,311.45,301.358
2024-08-14,63.958,315.95,302.404
2024-08-15,64.899,315.95,305.849
2024-08-16,65.385,320.75,306.616
2024-08-19,65.482,322.35,309.5
2024-08-20,64.855,322.35,307.237
2024-08-21,65.11,322.9,307.965
2024-08-22,64.598,324.55,308.976
2024-08-23,65.034,324.95,311.179
2024-08-26,64.544,324.95,312.305
2024-08-27,64.58,324.95,312.957
2024-08-28,64.551,324.95,313.813
2024-08-29,65.141,329.45,315.077
2024-08-30,65.072,329.05,315.519
2024-09-02,64.903,328.1,316.27
2024-09-03,64.299,325.45,312.622
2024-09-04,63.906,320.1,311.537
2024-09-05,63.67,320.1,312.509
2024-09-06,62.804,312.2,309.171
2024-09-09,63.269,312.2,311.456
2024-09-10,63.082,314.35,308.897
2024-09-11,63.04,314.85,308.64
2024-09-12,63.846,318.2,309.937
2024-09-13,64.235,320.45,312.63
2024-09-16,64.069,319.05,312.571
2024-09-17,64.455,320,314.253
2024-09-18,64.184,317,313.52
2024-09-19,65.204,317,316.497
2024-09-20,65.187,316.75,313.81
2024-09-23,65.871,319,315.248
2024-09-24,67.577,320.95,317.323
2024-09-25,67.493,322.2,315.994
2024-09-26,69.433,326.9,318.312
2024-09-27,69.601,328.35,319.935
2024-09-30,68.817,326.3,316.903
2024-10-01,68.977,323.75,316.101
2024-10-02,70.32,323.75,315.856
2024-10-03,70.026,323.75,313.156
2024-10-04,70.639,321.55,315.386
2024-10-07,71.329,322.35,316.236
2024-10-08,69.781,321.15,313.83
2024-10-09,69.71,323.45,315.939
2024-10-10,69.765,322,315.896
2024-10-11,70.112,322,316.879
2024-10-14,70.208,326.55,318.171
2024-10-15,69.058,321.9,318.015
2024-10-16,69.691,319.8,318.1
2024-10-17,69.66,319.8,320.39
2024-10-18,70.226,324.1,320.944
2024-10-21,69.474,324.1,319.165
2024-10-22,69.555,321.55,317.767
2024-10-23,69.474,320.35,317.196
2024-10-24,69.022,320.65,317.137
2024-10-25,69.266,320.5,317.454
2024-10-28,69.34,321.7,318.6
2024-10-29,69.319,320.15,316.505
2024-10-30,68.203,314.75,313.659
2024-10-31,67.501,310.2,310.961
2024-11-01,68.17,313.6,314.393
2024-11-04,68.234,311.8,313.923
2024-11-05,68.702,311.8,314.5
2024-11-06,68.645,310.2,312.24
2024-11-07,69.907,313,313.779
2024-11-08,68.722,311.35,310.967
2024-11-11,68.689,315.5,313.822
2024-11-12,67.674,309.2,307.3
2024-11-13,67.561,308.75,307.666
2024-11-14,67.283,313.15,311.073
2024-11-15,67.262,306.55,311.546
2024-11-18,67.611,306,312.6
2024-11-19,67.7,305.4,310.527
2024-11-20,67.554,305.6,309.944
2024-11-21,67.748,307.25,311.262
2024-11-22,68.326,312.15,313.622
2024-11-25,NA,NA,NA
